Index,TARGETID ID,TARGET_RA,TARGET_DEC,SURVEY,PROGRAM,HEALPIX,Sky Cell ID,FWHM (arcsec),Sigma PSF,minlevel,Reff (arcsec),Reff_maj (arcsec),Eccentricity,Luminosity
0,2842494018519054,30.412510288560437,-1.2161321627819055,main,dark,17810,4040358,1.0865099430084229,0.4613982904133733,134.88545,1.1620822535633373,1.1625283091424659,0.00019847088310931404,0.000498878220407351
1,2842562075295745,126.91678480549804,1.492287981389692,main,dark,21869,4550300,1.3244900107383728,0.5624591201919062,231.51532,2.416852359332521,2.5816700417975813,0.11498337350261201,0.002371965327033924
2,2842586905575427,166.8524571625006,2.514222738907887,main,dark,27082,4413606,1.1936099529266357,0.5068794770306739,169.63159,1.203117649398466,1.2116728629615532,0.012586135661570408,0.000335221661011825
3,2842629343543297,178.65025046475063,4.353567709399797,main,dark,27684,4414826,1.2174899578094482,0.5170203813996525,173.447,0.9892313326992767,1.1033369034041547,0.19611930764422358,0.000505818017865537
4,2842714362085392,230.41564867508183,7.73102665397223,main,dark,8268,3580141,1.0033700466156006,0.42609202717331773,269.96774,1.0934555338855951,1.1034172424870126,0.01854960521608129,0.0007866794810242179
5,2843493688934400,137.74251882467274,44.36428013817462,main,dark,5807,4504209,1.1883350014686584,0.5046394113963134,219.41739,1.062414205577582,1.1312859804046247,0.10389206768827464,0.0004357144543670353
